line,type,full_match,label,id,title,URL,code,text_original,text_translated
1970,MAINLVL,Artikel 4.38. (stookplaats),Artikel,4.38,(stookplaats),https://wetten.overheid.nl/BWBR0041297/2024-08-01#Hoofdstuk4_Afdeling4.2_Paragraaf4.2.6_Artikel4.38,C4_S4_2_P4_2_6_A4_38,"Materiaal ter plaatse van of nabij een stookplaats voldoet aan brandklasse A1 of voor zover het de bovenzijde van een vloer, een trap of een hellingbaan betreft aan brandklasse A1fl, beide bepaald volgens NEN-EN 13501-1, als:
	a.	op het materiaal een intensiteit aan warmtestraling kan optreden die, bepaald volgens NEN 6061, groter is dan 2 kW/m2; of
	b.	in het materiaal een temperatuur kan optreden die, bepaald volgens NEN 6061, hoger is dan 90 °C.","Material at the location of or near a fireplace meets fire class A1 or insofar as it concerns the top of a floor, a staircase or a ramp of fire class A1fl, both determined according to NEN-EN 13501-1, as:
	a. An intensity of heat radiation can occur on the material that, determined according to NEN 6061, is larger than 2 kW/m2; or
	b. A temperature can occur in the material that, determined according to NEN 6061, is higher than 90 ° C."
1975,SUBLVLI,1.	,Lid,1.,"(schacht, koker of kanaal)",https://wetten.overheid.nl/BWBR0041297/2024-08-01#Hoofdstuk4_Afdeling4.2_Paragraaf4.2.6_Artikel4.39_Lid1,C4_S4_2_P4_2_6_A4_39_SUB1,"Materiaal toegepast aan de binnenzijde van een schacht, een koker of een kanaal grenzend aan meer dan een brandcompartiment of subbrandcompartiment met een inwendige doorsnede groter dan 0,015 m2, voldoet aan brandklasse A2, bepaald volgens NEN-EN 13501-1.","Material applied to the inside of a shaft, a tube or a channel adjacent to more than a fire compartment or sub-fire compartment with an internal cross-section larger than 0.015 m2, complies with fire class A2, determined according to NEN-EN 13501-1."
1976,SUBLVLI,2.	,Lid,2.,"(schacht, koker of kanaal)",https://wetten.overheid.nl/BWBR0041297/2024-08-01#Hoofdstuk4_Afdeling4.2_Paragraaf4.2.6_Artikel4.39_Lid2,C4_S4_2_P4_2_6_A4_39_SUB2,"Het eerste lid is niet van toepassing op:
	a.	een schacht die alleen is bestemd voor een of meer boven elkaar gelegen toiletruimten of badruimten en die niet door andere ruimten voert;
	b.	ten hoogste 5% van de totale oppervlakte van de in dat lid bedoelde binnenzijde; en
	c.	het materiaal van een constructie- of bouwwerkinstallatieonderdeel dat wordt omsloten door een in dat lid bedoelde schacht, koker of kanaal.","The first sub-article does not apply to:
	a. A shaft that is only intended for one or more toilet spaces or bathrooms and that does not run through other spaces;
	b. At most 5% of the total area of the inside referred to in that sub-article; and
	c. The material of a construction or building installation part that is enclosed by an shaft referred to in that sub-article, tube or channel."
2030,SUBLVLI,1.	,Lid,1.,(binnenoppervlak),https://wetten.overheid.nl/BWBR0041297/2024-08-01#Hoofdstuk4_Afdeling4.2_Paragraaf4.2.7_Artikel4.43_Lid1,C4_S4_2_P4_2_7_A4_43_SUB1,"Een zijde van een constructieonderdeel die grenst aan de binnenlucht voldoet aan de in tabel 4.42 aangegeven brandklasse en aan rookklasse s2, beide bepaald volgens NEN-EN 13501-1.","One side of a construction part that borders the indoor air meets the fire class specified in Table 4.42 and to smoking class S2, both determined according to NEN-EN 13501-1."
2031,SUBLVLI,2.	,Lid,2.,(binnenoppervlak),https://wetten.overheid.nl/BWBR0041297/2024-08-01#Hoofdstuk4_Afdeling4.2_Paragraaf4.2.7_Artikel4.43_Lid2,C4_S4_2_P4_2_7_A4_43_SUB2,In afwijking van het eerste lid geldt de eis aan de rookklasse alleen bij een beschermde vluchtroute.,"Contrary to the first sub-article, the requirement for the smoke class only applies to a protected escape route."
2032,SUBLVLI,3.	,Lid,3.,(binnenoppervlak),https://wetten.overheid.nl/BWBR0041297/2024-08-01#Hoofdstuk4_Afdeling4.2_Paragraaf4.2.7_Artikel4.43_Lid3,C4_S4_2_P4_2_7_A4_43_SUB3,"In afwijking van het eerste lid voldoet het beweegbare deel van een deur in een inwendige scheidingsconstructie op een route tussen:
	a.	een gebruiksgebied, een toiletruimte of een badruimte en een besloten ruimte waardoor een extra beschermde vluchtroute voert; en
	b.	een besloten ruimte waardoor een extra beschermde vluchtroute voert en de in de vluchtrichting aansluitende besloten ruimte;
aan brandklasse D, bepaald volgens NEN-EN 13501-1.","Contrary to the first sub-article, the movable part of a door in an internal partition structure on a route between:
	a. A use area, a toilet room or a bathroom and a private space that leads to an extra protected escape route; and
	b. A private space that leads to an extra protected escape route and the private space that contains in the flight direction;
to fire class D, determined according to NEN-EN 13501-1."
2037,SUBLVLI,1.	,Lid,1.,(buitenoppervlak),https://wetten.overheid.nl/BWBR0041297/2024-08-01#Hoofdstuk4_Afdeling4.2_Paragraaf4.2.7_Artikel4.44_Lid1,C4_S4_2_P4_2_7_A4_44_SUB1,"Een zijde van een constructieonderdeel die grenst aan de buitenlucht voldoet aan de in tabel 4.42 aangegeven brandklasse, bepaald volgens NEN-EN 13501-1.","One side of a construction part that borders the outside air meets the fire class specified in Table 4.42, determined according to NEN-EN 13501-1."
2038,SUBLVLI,2.	,Lid,2.,(buitenoppervlak),https://wetten.overheid.nl/BWBR0041297/2024-08-01#Hoofdstuk4_Afdeling4.2_Paragraaf4.2.7_Artikel4.44_Lid2,C4_S4_2_P4_2_7_A4_44_SUB2,"Het deel van een zijde van een constructieonderdeel dat grenst aan de buitenlucht en hoger ligt dan 13 m, voldoet aan brandklasse B, bepaald volgens NEN-EN 13501-1.","The part of one side of a construction part that borders the outside air and is higher than 13 m, complies with fire class B, determined according to NEN-EN 13501-1."
2039,SUBLVLI,3.	,Lid,3.,(buitenoppervlak),https://wetten.overheid.nl/BWBR0041297/2024-08-01#Hoofdstuk4_Afdeling4.2_Paragraaf4.2.7_Artikel4.44_Lid3,C4_S4_2_P4_2_7_A4_44_SUB3,"Een zijde van een constructieonderdeel die grenst aan de buitenlucht, van een bouwwerk waarvan een voor personen bestemde vloer ten minste 5 m boven het meetniveau ligt, voldoet vanaf het aansluitende terrein tot een hoogte van ten minste 2,5 m aan brandklasse B, bepaald volgens NEN-EN 13501-1.","One side of a construction part that borders on the outside air, of a structure of which a floor designated for persons is at least 5 m above the measurement level, complies from the adjacent site to a height of at least 2.5 m of fire class B, determined according to NEN-EN 13501-1."
2040,SUBLVLI,4.	,Lid,4.,(buitenoppervlak),https://wetten.overheid.nl/BWBR0041297/2024-08-01#Hoofdstuk4_Afdeling4.2_Paragraaf4.2.7_Artikel4.44_Lid4,C4_S4_2_P4_2_7_A4_44_SUB4,Het eerste tot en met derde lid zijn niet van toepassing op de bovenzijde van een dak.,The first to third sub-article do not apply to the top of a roof.
2041,SUBLVLI,5.	,Lid,5.,(buitenoppervlak),https://wetten.overheid.nl/BWBR0041297/2024-08-01#Hoofdstuk4_Afdeling4.2_Paragraaf4.2.7_Artikel4.44_Lid5,C4_S4_2_P4_2_7_A4_44_SUB5,"In afwijking van het eerste tot en met derde lid voldoet een deur, een raam, een kozijn en een daaraan gelijk te stellen constructieonderdeel aan brandklasse D, bepaald volgens NEN-EN 13501-1.","Contrary from the first to third sub-article, a door, a window, a frame and a structural component to be equated with fire class D, determined according to NEN-EN 13501-1."
2043,SUBLVLI,1.	,Lid,1.,(beloopbaar vlak),https://wetten.overheid.nl/BWBR0041297/2024-08-01#Hoofdstuk4_Afdeling4.2_Paragraaf4.2.7_Artikel4.45_Lid1,C4_S4_2_P4_2_7_A4_45_SUB1,"In afwijking van artikel 4.43 geldt voor de bovenzijde van een vloer, een trap en een hellingbaan die grenst aan de binnenlucht rookklasse s1fl en de in tabel 4.42 aangegeven brandklasse, beide bepaald volgens NEN-EN 13501-1.","In deviation from article 4.43, the top of a floor, a staircase and a ramp that borders on the indoor air smoke class S1fl and the fire class indicated in Table 4.42, both determined according to NEN-EN 13501-1."
2044,SUBLVLI,2.	,Lid,2.,(beloopbaar vlak),https://wetten.overheid.nl/BWBR0041297/2024-08-01#Hoofdstuk4_Afdeling4.2_Paragraaf4.2.7_Artikel4.45_Lid2,C4_S4_2_P4_2_7_A4_45_SUB2,"In afwijking van de artikel 4.44 geldt voor een bovenzijde van een vloer, een trap en een hellingbaan die grenst aan de buitenlucht de in tabel 4.42 aangegeven brandklasse, bepaald volgens NEN-EN 13501-1.","Contrary to the article 4.44, a top of a floor, a staircase and a ramp that borders on the outside air applies the fire class specified in Table 4.42, determined according to NEN-EN 13501-1."
2046,SUBLVLI,1.	,Lid,1.,(elektrische leidingen en pijpisolatie),https://wetten.overheid.nl/BWBR0041297/2024-08-01#Hoofdstuk4_Afdeling4.2_Paragraaf4.2.7_Artikel4.45a_Lid1,C4_S4_2_P4_2_7_A4_45a_SUB1,"In afwijking van artikel 4.43 geldt voor een elektrische leiding die grenst aan de binnenlucht:
	a.	in extra beschermde vluchtroutes rookklasse s1(ca) en in overige ruimten rookklasse s2(ca), beide bepaald volgens NEN-EN 13501-6; en
	b.	de in tabel 4.42 aangegeven brandklasse, bepaald volgens NEN-EN 13501-6.","Contrary to article 4.43 applies to an electric pipe that borders the indoor air:
	a. In additional protected escape routes smoking class S1 (CA) and in other spaces smoking class S2 (CA), both determined according to NEN-EN 13501-6; and
	b. The fire class specified in Table 4.42, determined according to NEN-EN 13501-6."
2049,SUBLVLI,2.	,Lid,2.,(elektrische leidingen en pijpisolatie),https://wetten.overheid.nl/BWBR0041297/2024-08-01#Hoofdstuk4_Afdeling4.2_Paragraaf4.2.7_Artikel4.45a_Lid2,C4_S4_2_P4_2_7_A4_45a_SUB2,"In afwijking van artikel 4.43 geldt voor pijpisolatie die grenst aan de binnenlucht:
	a.	in extra beschermde vluchtroutes rookklasse s1(L) en in overige ruimten rookklasse s2(L), beide bepaald volgens NEN-EN 13501-1; en
	b.	de in tabel 4.42 aangegeven brandklasse, bepaald volgens NEN-EN 13501-1.","Contrary to article 4.43, the indoor air applies to pipe insulation:
	a. In extra protected escape routes smoking class S1 (L) and in other spaces smoking class S2 (L), both determined according to NEN-EN 13501-1; and
	b. The fire class specified in Table 4.42, determined according to NEN-EN 13501-1."
2052,SUBLVLI,3.	,Lid,3.,(elektrische leidingen en pijpisolatie),https://wetten.overheid.nl/BWBR0041297/2024-08-01#Hoofdstuk4_Afdeling4.2_Paragraaf4.2.7_Artikel4.45a_Lid3,C4_S4_2_P4_2_7_A4_45a_SUB3,"In afwijking van artikel 4.44 geldt voor een elektrische leiding die grenst aan de buitenlucht de in tabel 4.42 aangegeven brandklasse, bepaald volgens NEN-EN 13501-6.","Contrary to article 4.44, an electric pipe that borders the outside air applies the fire class specified in Table 4.42, determined according to NEN-EN 13501-6."
2053,SUBLVLI,4.	,Lid,4.,(elektrische leidingen en pijpisolatie),https://wetten.overheid.nl/BWBR0041297/2024-08-01#Hoofdstuk4_Afdeling4.2_Paragraaf4.2.7_Artikel4.45a_Lid4,C4_S4_2_P4_2_7_A4_45a_SUB4,"In afwijking van artikel 4.44 geldt voor pijpisolatie die grenst aan de buitenlucht de in tabel 4.42 aangegeven brandklasse, bepaald volgens NEN-EN 13501-1.","Contrary to article 4.44, the fire class specified in Table 4.42 applies to pipe insulation, determined according to NEN-EN 13501-1."
2055,SUBLVLI,1.	,Lid,1.,(vrijgestelde oppervlakte),https://wetten.overheid.nl/BWBR0041297/2024-08-01#Hoofdstuk4_Afdeling4.2_Paragraaf4.2.7_Artikel4.46_Lid1,C4_S4_2_P4_2_7_A4_46_SUB1,"Op ten hoogste 5% van de totale oppervlakte van de constructieonderdelen van elke afzonderlijke ruimte waarvoor volgens de artikelen 4.43 tot en met 4.45a een eis geldt, is die eis niet van toepassing.","That requirement applies to a maximum of 5% of the total surface area of the construction components of each individual room for which, according to the article 4.43 to 4.45a, that requirement does not apply."
2056,SUBLVLI,2.	,Lid,2.,(vrijgestelde oppervlakte),https://wetten.overheid.nl/BWBR0041297/2024-08-01#Hoofdstuk4_Afdeling4.2_Paragraaf4.2.7_Artikel4.46_Lid2,C4_S4_2_P4_2_7_A4_46_SUB2,"Op ten hoogste 10% van de totale oppervlakte van de constructieonderdelen van elke afzonderlijke ruimte waardoor geen beschermde vluchtroute voert, zijn de in de artikelen 4.43 en 4.45a, eerste en tweede lid, bedoelde eisen aan de rookklasse niet van toepassing.","At most 10% of the total area of the construction components of each individual space, which does not carry a protected escape route, the requirements for the smoke class referred to in the article 4.43 and 4.45a, first and second sub-article, do not apply."
2057,SUBLVLI,3.	,Lid,3.,(vrijgestelde oppervlakte),https://wetten.overheid.nl/BWBR0041297/2024-08-01#Hoofdstuk4_Afdeling4.2_Paragraaf4.2.7_Artikel4.46_Lid3,C4_S4_2_P4_2_7_A4_46_SUB3,"Op ten hoogste 5% van de totale oppervlakte van de constructieonderdelen waarvoor volgens de artikelen 4.43 tot en met 4.45a een eis geldt, is die eis niet van toepassing.",That requirement does not apply to a maximum of 5% of the total area of the construction components for which a requirement applies according to the article 4.43 to 4.45a.
2059,SUBLVLI,1.	,Lid,1.,(dakoppervlak),https://wetten.overheid.nl/BWBR0041297/2024-08-01#Hoofdstuk4_Afdeling4.2_Paragraaf4.2.7_Artikel4.47_Lid1,C4_S4_2_P4_2_7_A4_47_SUB1,"De bovenzijde van een dak van een bouwwerk is, bepaald volgens NEN 6063, niet brandgevaarlijk. Dit geldt niet als het bouwwerk geen voor personen bestemde vloer heeft die hoger ligt dan 5 m boven het meetniveau, en de brandgevaarlijke delen van het dak ten minste 15 m vanaf de bouwwerkperceelsgrens liggen. Als het perceel waarop het bouwwerk ligt, grenst aan een openbare weg, openbaar water, openbaar groen of een perceel dat niet is bestemd voor bebouwing of voor een speeltuin, een kampeerterrein of opslag van brandgevaarlijke stoffen of van brandbare niet-milieugevaarlijke stoffen wordt die afstand aangehouden tot het hart van die weg, dat water, dat groen of dat perceel.","The top of a roof of a structure, determined according to NEN 6063, is not fire hazard. This does not apply if the structure has no floor designated for persons that is higher than 5 m above the measurement level, and the fire-hazardous parts of the roof are at least 15 m from the building plot border. If the plot on which the structure is located, borders on a public road, public water, public greenery or a plot that is not intended for buildings or for a playground, a camping site or storage of fire-hazardous substances or of flammable non-environmentally hazardous substances, that distance is held to the heart of that road, that water, that green or that parcel."
2060,SUBLVLI,2.	,Lid,2.,(dakoppervlak),https://wetten.overheid.nl/BWBR0041297/2024-08-01#Hoofdstuk4_Afdeling4.2_Paragraaf4.2.7_Artikel4.47_Lid2,C4_S4_2_P4_2_7_A4_47_SUB2,Het eerste lid geldt niet voor een bouwwerk met een gebruiksoppervlakte van ten hoogste 50 m2.,The first sub-article does not apply to a structure with a use area of at most 50 m2.
2106,SUBLVLI,1.	,Lid,1.,(brandcompartiment: ligging),https://wetten.overheid.nl/BWBR0041297/2024-08-01#Hoofdstuk4_Afdeling4.2_Paragraaf4.2.8_Artikel4.50_Lid1,C4_S4_2_P4_2_8_A4_50_SUB1,Een besloten ruimte ligt in een brandcompartiment.,A closed space is in a fire compartment.
2107,SUBLVLI,2.	,Lid,2.,(brandcompartiment: ligging),https://wetten.overheid.nl/BWBR0041297/2024-08-01#Hoofdstuk4_Afdeling4.2_Paragraaf4.2.8_Artikel4.50_Lid2,C4_S4_2_P4_2_8_A4_50_SUB2,"Het eerste lid is niet van toepassing op:
	a.	een toiletruimte;
	b.	een badruimte;
	c.	een liftschacht, als de constructieonderdelen aan de binnenzijde van de schacht voldoen aan brandklasse B en aan rookklasse s2, beide bepaald volgens NEN-EN 13501-1; en
	d.	een technische ruimte met een gebruiksoppervlakte van niet meer dan 50 m2 niet bestemd voor een of meer verbrandingstoestellen met een totale nominale belasting van meer dan 130 kW.","The first sub-article does not apply to:
	a. A toilet room;
	b. A bathroom;
	c. A lift shaft, if the construction parts on the inside of the shaft meet fire class B and smoking class S2, both determined according to NEN-EN 13501-1; and
	d. A technical room with a use area of no more than 50 m2 not intended for one or more combustion devices with a total nominal load of more than 130 kW."
2112,SUBLVLI,3.	,Lid,3.,(brandcompartiment: ligging),https://wetten.overheid.nl/BWBR0041297/2024-08-01#Hoofdstuk4_Afdeling4.2_Paragraaf4.2.8_Artikel4.50_Lid3,C4_S4_2_P4_2_8_A4_50_SUB3,Een wegtunnelbuis met een lengte van meer dan 250 m ligt in een brandcompartiment.,A road tunnel tube with a length of more than 250 m is in a fire compartment.
2113,SUBLVLI,4.	,Lid,4.,(brandcompartiment: ligging),https://wetten.overheid.nl/BWBR0041297/2024-08-01#Hoofdstuk4_Afdeling4.2_Paragraaf4.2.8_Artikel4.50_Lid4,C4_S4_2_P4_2_8_A4_50_SUB4,In afwijking van het eerste lid voert een extra beschermde vluchtroute niet door een brandcompartiment.,"Contrary to the first sub-article, an extra protected escape route does not lead through a fire compartment."
2114,SUBLVLI,5.	,Lid,5.,(brandcompartiment: ligging),https://wetten.overheid.nl/BWBR0041297/2024-08-01#Hoofdstuk4_Afdeling4.2_Paragraaf4.2.8_Artikel4.50_Lid5,C4_S4_2_P4_2_8_A4_50_SUB5,Een niet-besloten gebruiksgebied ligt in een brandcompartiment.,A non-open use area is in a fire compartment.
2115,SUBLVLI,6.	,Lid,6.,(brandcompartiment: ligging),https://wetten.overheid.nl/BWBR0041297/2024-08-01#Hoofdstuk4_Afdeling4.2_Paragraaf4.2.8_Artikel4.50_Lid6,C4_S4_2_P4_2_8_A4_50_SUB6,"Het eerste en vijfde lid zijn niet van toepassing op een gebruiksfunctie of gebruiksfuncties van dezelfde soort, met een totale gebruiksoppervlakte van niet meer dan 1.000 m2 en een vuurbelasting niet groter dan 500 MJ/m2, bepaald volgens NEN 6090.","The first and fifth sub-article do not apply to a usage function or usage functions of the same species, with a total use area of no more than 1,000 m2 and a fire load no larger than 500 MJ/M2, determined according to NEN 6090."
2116,SUBLVLI,7.	,Lid,7.,(brandcompartiment: ligging),https://wetten.overheid.nl/BWBR0041297/2024-08-01#Hoofdstuk4_Afdeling4.2_Paragraaf4.2.8_Artikel4.50_Lid7,C4_S4_2_P4_2_8_A4_50_SUB7,Het eerste en vijfde lid zijn niet van toepassing op een bouwwerk met een gebruiksoppervlakte van niet meer dan 50 m2. Deze uitzondering geldt niet als het bouwwerk aan een of meer andere bouwwerken grenst en de gezamenlijke gebruiksoppervlakte groter is dan 50 m2.,The first and fifth sub-article do not apply to a structure with a use area of no more than 50 m2. This exception does not apply if the structure borders one or more other structures and the joint area of use is greater than 50 m2.
2117,SUBLVLI,8.	,Lid,8.,(brandcompartiment: ligging),https://wetten.overheid.nl/BWBR0041297/2024-08-01#Hoofdstuk4_Afdeling4.2_Paragraaf4.2.8_Artikel4.50_Lid8,C4_S4_2_P4_2_8_A4_50_SUB8,"Het eerste en vijfde lid zijn niet van toepassing op een lichte industriefunctie voor het telen, kweken of opslaan van gewassen of daarmee vergelijkbare producten, met een permanente vuurbelasting niet groter dan 150 MJ/m2, bepaald volgens NEN 6090.","The first and fifth sub-article do not apply to a light industrial function for growing, growing or storing crops or comparable products, with a permanent fire load no larger than 150 MJ/M2, determined according to NEN 6090."
2119,SUBLVLI,1.	,Lid,1.,(brandcompartiment: omvang),https://wetten.overheid.nl/BWBR0041297/2024-08-01#Hoofdstuk4_Afdeling4.2_Paragraaf4.2.8_Artikel4.51_Lid1,C4_S4_2_P4_2_8_A4_51_SUB1,"Een brandcompartiment heeft een gebruiksoppervlakte die niet groter is dan de in tabel 4.49 aangegeven oppervlakte, of een grotere gebruiksoppervlakte als dat niet tot een lager veiligheidsniveau leidt, bepaald volgens NEN 6060 of NEN 6079.","A fire compartment has a use area that is no larger than the surface area indicated in Table 4.49, or a larger area of use if that does not lead to a lower safety level, determined according to NEN 6060 or NEN 6079."
2120,SUBLVLI,2.	,Lid,2.,(brandcompartiment: omvang),https://wetten.overheid.nl/BWBR0041297/2024-08-01#Hoofdstuk4_Afdeling4.2_Paragraaf4.2.8_Artikel4.51_Lid2,C4_S4_2_P4_2_8_A4_51_SUB2,In een brandcompartiment liggen ten hoogste vier woonwagens en nevengebruiksfuncties daarvan met een totale gebruiksoppervlakte van ten hoogste 1.000 m2.,"In a fire compartment there are a maximum of four caravans and additional user functions with a total use area of at most 1,000 m2."
2121,SUBLVLI,3.	,Lid,3.,(brandcompartiment: omvang),https://wetten.overheid.nl/BWBR0041297/2024-08-01#Hoofdstuk4_Afdeling4.2_Paragraaf4.2.8_Artikel4.51_Lid3,C4_S4_2_P4_2_8_A4_51_SUB3,Een brandcompartiment strekt zich uit over niet meer dan een bouwwerkperceel.,A fire compartment extends over no more than a building plot.
2122,SUBLVLI,4.	,Lid,4.,(brandcompartiment: omvang),https://wetten.overheid.nl/BWBR0041297/2024-08-01#Hoofdstuk4_Afdeling4.2_Paragraaf4.2.8_Artikel4.51_Lid4,C4_S4_2_P4_2_8_A4_51_SUB4,Een brandcompartiment strekt zich uit over niet meer dan een wegtunnelbuis.,A fire compartment extends over no more than a road tunnel tube.
2123,SUBLVLI,5.	,Lid,5.,(brandcompartiment: omvang),https://wetten.overheid.nl/BWBR0041297/2024-08-01#Hoofdstuk4_Afdeling4.2_Paragraaf4.2.8_Artikel4.51_Lid5,C4_S4_2_P4_2_8_A4_51_SUB5,In een brandcompartiment liggen ten hoogste een woonfunctie en nevengebruiksfuncties daarvan.,In a fire compartment there are at most a residential function and additional user functions thereof.
2124,SUBLVLI,6.	,Lid,6.,(brandcompartiment: omvang),https://wetten.overheid.nl/BWBR0041297/2024-08-01#Hoofdstuk4_Afdeling4.2_Paragraaf4.2.8_Artikel4.51_Lid6,C4_S4_2_P4_2_8_A4_51_SUB6,In afwijking van het vijfde lid is een gemeenschappelijk verblijfsgebied toegestaan als dat verblijfsgebied een afzonderlijk brandcompartiment is.,"Contrary to the fifth sub-article, a common residential area is permitted if that residential area is a separate fire compartment."
2125,SUBLVLI,7.	,Lid,7.,(brandcompartiment: omvang),https://wetten.overheid.nl/BWBR0041297/2024-08-01#Hoofdstuk4_Afdeling4.2_Paragraaf4.2.8_Artikel4.51_Lid7,C4_S4_2_P4_2_8_A4_51_SUB7,Een technische ruimte met een gebruiksoppervlakte van meer dan 50 m2 is een afzonderlijk brandcompartiment.,A technical room with a use area of more than 50 m2 is a separate fire compartment.
2126,SUBLVLI,8.	,Lid,8.,(brandcompartiment: omvang),https://wetten.overheid.nl/BWBR0041297/2024-08-01#Hoofdstuk4_Afdeling4.2_Paragraaf4.2.8_Artikel4.51_Lid8,C4_S4_2_P4_2_8_A4_51_SUB8,Bij een brandcompartiment van een industriefunctie met een gebruiksoppervlakte van meer dan 1.000 m2 is het eerste lid niet van toepassing op een of meer in dat brandcompartiment gelegen nevengebruiksfuncties met een totale gebruiksoppervlakte van ten hoogste 100 m2.,"With a fire compartment of an industrial function with a use area of more than 1,000 m2, the first sub-article does not apply to one or more in that fire compartment located ancillary use functions with a total use area of up to 100 m2."
2127,SUBLVLI,9.	,Lid,9.,(brandcompartiment: omvang),https://wetten.overheid.nl/BWBR0041297/2024-08-01#Hoofdstuk4_Afdeling4.2_Paragraaf4.2.8_Artikel4.51_Lid9,C4_S4_2_P4_2_8_A4_51_SUB9,Een technische ruimte is een afzonderlijk brandcompartiment.,A technical room is a separate fire compartment.
2132,SUBLVLI,1.	,Lid,1.,(weerstand tegen branddoorslag en brandoverslag: niveau van eisen),https://wetten.overheid.nl/BWBR0041297/2024-08-01#Hoofdstuk4_Afdeling4.2_Paragraaf4.2.8_Artikel4.53_Lid1,C4_S4_2_P4_2_8_A4_53_SUB1,"De weerstand tegen branddoorslag en brandoverslag van een brandcompartiment naar een ander brandcompartiment, naar een besloten ruimte waardoor een extra beschermde vluchtroute voert, naar een niet-besloten veiligheidsvluchtroute en naar een liftschacht van een brandweerlift of van een lift als bedoeld in artikel 4.189 in een woongebouw is ten minste 60 minuten.","The resistance to fire penetration and fire spread from a fire compartment to another fire compartment, to a closed space that leads an extra protected escape route, to a non-open safety flight route and to a lift shaft from a fire brigade lift or a lift as referred to in article 4.189 in a residential building is at least 60 minutes."
2133,SUBLVLI,2.	,Lid,2.,(weerstand tegen branddoorslag en brandoverslag: niveau van eisen),https://wetten.overheid.nl/BWBR0041297/2024-08-01#Hoofdstuk4_Afdeling4.2_Paragraaf4.2.8_Artikel4.53_Lid2,C4_S4_2_P4_2_8_A4_53_SUB2,In afwijking van het eerste lid kan tussen een brandcompartiment en een besloten ruimte waardoor een extra beschermde vluchtroute voert worden volstaan met 30 minuten.,"Contrary to the first sub-article, between a fire compartment and a closed space, an additional protected escape route is sufficient to be done by 30 minutes."
2134,SUBLVLI,3.	,Lid,3.,(weerstand tegen branddoorslag en brandoverslag: niveau van eisen),https://wetten.overheid.nl/BWBR0041297/2024-08-01#Hoofdstuk4_Afdeling4.2_Paragraaf4.2.8_Artikel4.53_Lid3,C4_S4_2_P4_2_8_A4_53_SUB3,"In afwijking van het eerste lid kan worden volstaan met 30 minuten als:
	a.	de volgens NEN 6090 bepaalde permanente vuurbelasting van het brandcompartiment niet groter is dan 500 MJ/m2; en
	b.	in het gebouw geen vloer van een verblijfsgebied hoger ligt dan 7 m boven het meetniveau.","Contrary to the first sub-article, it is sufficient to be done by 30 minutes if:
	a. The permanent firing load of the fire compartment according to NEN 6090 does not exceed 500 MJ/M2; and
	b. In the building no floor of a residential area is higher than 7 m above the measurement level."
2137,SUBLVLI,4.	,Lid,4.,(weerstand tegen branddoorslag en brandoverslag: niveau van eisen),https://wetten.overheid.nl/BWBR0041297/2024-08-01#Hoofdstuk4_Afdeling4.2_Paragraaf4.2.8_Artikel4.53_Lid4,C4_S4_2_P4_2_8_A4_53_SUB4,"In afwijking van het eerste lid kan worden volstaan met 30 minuten als:
	a.	de in het eerste lid bedoelde ruimten op hetzelfde bouwwerkperceel liggen; en
	b.	in het gebouw geen vloer van een gebruiksgebied hoger ligt dan 5 m boven het meetniveau.","Contrary to the first sub-article, it is sufficient to be done by 30 minutes if:
	a. The spaces referred to in the first sub-article are on the same building plot; and
	b. In the building, no floor of a user area is higher than 5 m above the measurement level."
2140,SUBLVLI,5.	,Lid,5.,(weerstand tegen branddoorslag en brandoverslag: niveau van eisen),https://wetten.overheid.nl/BWBR0041297/2024-08-01#Hoofdstuk4_Afdeling4.2_Paragraaf4.2.8_Artikel4.53_Lid5,C4_S4_2_P4_2_8_A4_53_SUB5,Het vierde lid is niet van toepassing op een brandcompartiment met een gebruiksoppervlakte van meer dan 1.000 m2.,"The fourth sub-article does not apply to a fire compartment with a use area of more than 1,000 m2."
2141,SUBLVLI,6.	,Lid,6.,(weerstand tegen branddoorslag en brandoverslag: niveau van eisen),https://wetten.overheid.nl/BWBR0041297/2024-08-01#Hoofdstuk4_Afdeling4.2_Paragraaf4.2.8_Artikel4.53_Lid6,C4_S4_2_P4_2_8_A4_53_SUB6,Het vierde lid is niet van toepassing op een technische ruimte.,The fourth sub-article does not apply to a technical room.
2142,SUBLVLI,7.	,Lid,7.,(weerstand tegen branddoorslag en brandoverslag: niveau van eisen),https://wetten.overheid.nl/BWBR0041297/2024-08-01#Hoofdstuk4_Afdeling4.2_Paragraaf4.2.8_Artikel4.53_Lid7,C4_S4_2_P4_2_8_A4_53_SUB7,Het tweede tot en met vierde lid gelden niet voor een ruimte waardoor een veiligheidsvluchtroute voert.,"The second to fourth sub-article do not apply to a space, which means a safety flight route."
2143,SUBLVLI,8.	,Lid,8.,(weerstand tegen branddoorslag en brandoverslag: niveau van eisen),https://wetten.overheid.nl/BWBR0041297/2024-08-01#Hoofdstuk4_Afdeling4.2_Paragraaf4.2.8_Artikel4.53_Lid8,C4_S4_2_P4_2_8_A4_53_SUB8,De weerstand tegen branddoorslag en brandoverslag van een woonwagen naar een andere woonwagen is ten minste 30 minuten.,The resistance to fire penetration and fire spread from a caravan to another caravan is at least 30 minutes.
2144,SUBLVLI,9.	,Lid,9.,(weerstand tegen branddoorslag en brandoverslag: niveau van eisen),https://wetten.overheid.nl/BWBR0041297/2024-08-01#Hoofdstuk4_Afdeling4.2_Paragraaf4.2.8_Artikel4.53_Lid9,C4_S4_2_P4_2_8_A4_53_SUB9,De weerstand tegen branddoorslag en brandoverslag van een brandcompartiment naar een ander brandcompartiment is ten minste 30 minuten of de afstand tussen een brandcompartiment en een ander brandcompartiment is ten minste 5 m.,The resistance to fire penetration and fire spread from a fire compartment to another fire compartment is at least 30 minutes or the distance between a fire compartment and another fire compartment is at least 5 m.
2145,SUBLVLI,10.	,Lid,10.,(weerstand tegen branddoorslag en brandoverslag: niveau van eisen),https://wetten.overheid.nl/BWBR0041297/2024-08-01#Hoofdstuk4_Afdeling4.2_Paragraaf4.2.8_Artikel4.53_Lid10,C4_S4_2_P4_2_8_A4_53_SUB10,In afwijking van het eerste lid geldt geen weerstand tegen branddoorslag en brandoverslag van een brandcompartiment naar een technische ruimte met een gebruiksoppervlakte van ten hoogste 50 m2 niet bestemd voor een of meer verbrandingstoestellen met een totale nominale belasting van meer dan 130 kW.,Contrary to the first sub-article there is no resistance to fire trial and fire spread from a fire compartment to a technical room with a use area of at most 50 m2 not intended for one or more combustion devices with a total nominal load of more than 130 kW.
2147,SUBLVLI,1.	,Lid,1.,(weerstand tegen branddoorslag en brandoverslag: bepalingsmethode),https://wetten.overheid.nl/BWBR0041297/2024-08-01#Hoofdstuk4_Afdeling4.2_Paragraaf4.2.8_Artikel4.54_Lid1,C4_S4_2_P4_2_8_A4_54_SUB1,De in artikel 4.53 bedoelde weerstand tegen branddoorslag en brandoverslag wordt bepaald volgens NEN 6068.,The resistance referred to in article 4.53 against fire penetration and fire spread is determined in accordance with NEN 6068.
2148,SUBLVLI,2.	,Lid,2.,(weerstand tegen branddoorslag en brandoverslag: bepalingsmethode),https://wetten.overheid.nl/BWBR0041297/2024-08-01#Hoofdstuk4_Afdeling4.2_Paragraaf4.2.8_Artikel4.54_Lid2,C4_S4_2_P4_2_8_A4_54_SUB2,"Bij het bepalen van de weerstand tegen branddoorslag en brandoverslag van een brandcompartiment naar een ruimte van een op een aangrenzend perceel gelegen gebouw wordt voor het op het andere perceel gelegen gebouw uitgegaan van een identiek maar spiegelsymmetrisch ten opzichte van de bouwwerkperceelsgrens gelegen gebouw. Als het bouwwerkperceel grenst aan:
	a.	een openbare weg;
	b.	openbaar water;
	c.	openbaar groen; of
	d.	een perceel dat niet is bestemd voor bebouwing of voor een speeltuin, een kampeerterrein of opslag van brandgevaarlijke stoffen of van brandbare niet-milieugevaarlijke stoffen;
vindt deze spiegeling plaats ten opzichte van het hart van die weg, dat water, dat groen of dat perceel.","When determining the resistance to fire penalties and fire spread from a fire compartment to a space of an adjacent plot located on the building located on the other plot, an identical but mirror symmetrical compared to the building plot boundary located is based on the building. If the construction plot borders on:
	a. A public road;
	b. Public water;
	c. Public green; or
	d. A plot that is not intended for buildings or for a playground, a camping site or storage of fire-hazardous substances or of flammable non-environmentally hazardous substances;
This reflection takes place compared to the heart of that road, that water, that green or that plot."
2154,SUBLVLI,3.	,Lid,3.,(weerstand tegen branddoorslag en brandoverslag: bepalingsmethode),https://wetten.overheid.nl/BWBR0041297/2024-08-01#Hoofdstuk4_Afdeling4.2_Paragraaf4.2.8_Artikel4.54_Lid3,C4_S4_2_P4_2_8_A4_54_SUB3,In aanvulling op het tweede lid is het aandeel van de uitwendige scheidingsconstructie van het spiegelsymmetrische gebouw in de weerstand tegen branddoorslag en brandoverslag niet groter dan het aandeel van de uitwendige scheidingsconstructie van het brandcompartiment.,"In addition to the second sub-article, the share of the external partition structure of the mirror symmetrical building in the resistance to fire penetration and fire spread is not greater than the share of the external partition structure of the fire compartment."
2155,SUBLVLI,4.	,Lid,4.,(weerstand tegen branddoorslag en brandoverslag: bepalingsmethode),https://wetten.overheid.nl/BWBR0041297/2024-08-01#Hoofdstuk4_Afdeling4.2_Paragraaf4.2.8_Artikel4.54_Lid4,C4_S4_2_P4_2_8_A4_54_SUB4,"Bij het bepalen van de in artikel 4.53, achtste lid, bedoelde weerstand tegen branddoorslag en brandoverslag wordt uitgegaan van een identieke maar spiegelsymmetrisch op een afstand van 5 m geplaatste woonwagen.","When determining the resistance to fire trial and fire transshipment referred to in article 4.53, eighth, an identical but mirror symmetrical at a distance of 5 m placed caravan is assumed."
2198,SUBLVLI,1.	,Lid,1.,(subbrandcompartiment: ligging),https://wetten.overheid.nl/BWBR0041297/2024-08-01#Hoofdstuk4_Afdeling4.2_Paragraaf4.2.9_Artikel4.57_Lid1,C4_S4_2_P4_2_9_A4_57_SUB1,Een brandcompartiment is ingedeeld in een of meer subbrandcompartimenten of verkeersruimten waardoor een beschermde vluchtroute voert.,"A fire compartment is divided into one or more sub-fire compartments or traffic spaces, which leads a protected escape route."
2199,SUBLVLI,2.	,Lid,2.,(subbrandcompartiment: ligging),https://wetten.overheid.nl/BWBR0041297/2024-08-01#Hoofdstuk4_Afdeling4.2_Paragraaf4.2.9_Artikel4.57_Lid2,C4_S4_2_P4_2_9_A4_57_SUB2,Een beschermde vluchtroute ligt niet in een subbrandcompartiment.,A protected escape route is not in a sub-fire compartment.
2200,SUBLVLI,3.	,Lid,3.,(subbrandcompartiment: ligging),https://wetten.overheid.nl/BWBR0041297/2024-08-01#Hoofdstuk4_Afdeling4.2_Paragraaf4.2.9_Artikel4.57_Lid3,C4_S4_2_P4_2_9_A4_57_SUB3,"In afwijking van het eerste lid kan een verblijfsgebied voor bewaking buiten een subbrandcompartiment liggen als:
	a.	constructieonderdelen in dat gebied voldoen aan de eisen die de artikelen 4.43 en 4.45a, eerste en tweede lid, stellen aan constuctieonderdelen die grenzen aan de binnenlucht in een ruimte waardoor een beschermde vluchtroute voert; en
	b.	aankleding in dat gebied voldoet aan de eisen die artikel 6.14 stelt aan aankleding in een ruimte waardoor een beschermde vluchtroute voert.","Contrary to the first sub-article, a residential area for monitoring outside of a sub-fire compartment can be such as:
	a. Construction components in that area meet the requirements that the article 4.43 and 4.45a, first and second sub-article, set to constuction components that border the indoor air in a room that leads to a protected escape route; and
	b. Dressing in that area meets the requirements that article 6.14 sets for decoration in a room, which carries a protected escape route."
2204,SUBLVLI,1.	,Lid,1.,(beschermd subbrandcompartiment: ligging),https://wetten.overheid.nl/BWBR0041297/2024-08-01#Hoofdstuk4_Afdeling4.2_Paragraaf4.2.9_Artikel4.58_Lid1,C4_S4_2_P4_2_9_A4_58_SUB1,Een verblijfsgebied ligt in een beschermd subbrandcompartiment.,A residential area is in a protected sub-fire compartment.
2205,SUBLVLI,2.	,Lid,2.,(beschermd subbrandcompartiment: ligging),https://wetten.overheid.nl/BWBR0041297/2024-08-01#Hoofdstuk4_Afdeling4.2_Paragraaf4.2.9_Artikel4.58_Lid2,C4_S4_2_P4_2_9_A4_58_SUB2,Een bedgebied ligt in een beschermd subbrandcompartiment.,A bed area is located in a protected sub-fire compartment.
2206,SUBLVLI,3.	,Lid,3.,(beschermd subbrandcompartiment: ligging),https://wetten.overheid.nl/BWBR0041297/2024-08-01#Hoofdstuk4_Afdeling4.2_Paragraaf4.2.9_Artikel4.58_Lid3,C4_S4_2_P4_2_9_A4_58_SUB3,Een celeenheid ligt in een beschermd subbrandcompartiment.,A cell unit lies in a protected sub-fire compartment.
2207,SUBLVLI,4.	,Lid,4.,(beschermd subbrandcompartiment: ligging),https://wetten.overheid.nl/BWBR0041297/2024-08-01#Hoofdstuk4_Afdeling4.2_Paragraaf4.2.9_Artikel4.58_Lid4,C4_S4_2_P4_2_9_A4_58_SUB4,Een logiesverblijf ligt in een beschermd subbrandcompartiment.,A accommodation accommodation is in a protected sub-fire compartment.
2209,SUBLVLI,1.	,Lid,1.,(beschermd subbrandcompartiment: omvang),https://wetten.overheid.nl/BWBR0041297/2024-08-01#Hoofdstuk4_Afdeling4.2_Paragraaf4.2.9_Artikel4.59_Lid1,C4_S4_2_P4_2_9_A4_59_SUB1,Een beschermd subbrandcompartiment heeft een gebruiksoppervlakte van ten hoogste de in tabel 4.56 aangegeven oppervlakte.,A protected sub-fire compartment has a use area of at most the surface area indicated in Table 4.56.
2210,SUBLVLI,2.	,Lid,2.,(beschermd subbrandcompartiment: omvang),https://wetten.overheid.nl/BWBR0041297/2024-08-01#Hoofdstuk4_Afdeling4.2_Paragraaf4.2.9_Artikel4.59_Lid2,C4_S4_2_P4_2_9_A4_59_SUB2,In afwijking van het eerste lid is een gezamenlijke verblijfsruimte een afzonderlijk beschermd subbrandcompartiment met een gebruiksoppervlakte van ten hoogste 500 m2.,"By way of derogation from the first sub-article, a joint living space is a separately protected sub-fire compartment with a use area of at most 500 m2."
2211,SUBLVLI,3.	,Lid,3.,(beschermd subbrandcompartiment: omvang),https://wetten.overheid.nl/BWBR0041297/2024-08-01#Hoofdstuk4_Afdeling4.2_Paragraaf4.2.9_Artikel4.59_Lid3,C4_S4_2_P4_2_9_A4_59_SUB3,Een beschermd subbrandcompartiment met een bijeenkomstfunctie voor kinderopvang met bedgebied omvat niet meer dan die gebruiksfunctie en nevengebruiksfuncties daarvan.,A protected sub-fire compartment with a meeting function for childcare with bed area does not include more than that use function and additional user functions thereof.
2212,SUBLVLI,4.	,Lid,4.,(beschermd subbrandcompartiment: omvang),https://wetten.overheid.nl/BWBR0041297/2024-08-01#Hoofdstuk4_Afdeling4.2_Paragraaf4.2.9_Artikel4.59_Lid4,C4_S4_2_P4_2_9_A4_59_SUB4,Een celeenheid is een afzonderlijk beschermd subbrandcompartiment.,A cell unit is a separately protected sub-fire compartment.
2213,SUBLVLI,5.	,Lid,5.,(beschermd subbrandcompartiment: omvang),https://wetten.overheid.nl/BWBR0041297/2024-08-01#Hoofdstuk4_Afdeling4.2_Paragraaf4.2.9_Artikel4.59_Lid5,C4_S4_2_P4_2_9_A4_59_SUB5,"Een beschermd subbrandcompartiment met bedgebied omvat alleen een of meer bedruimten en ruimten die ten dienste staan van die bedruimten, en heeft een totale gebruiksoppervlakte van ten hoogste 500 m2.","A protected sub-fire compartment with bed area only includes one or more beers and spaces that are at the service of those bedrooms, and has a total use of use of at most 500 m2."
2214,SUBLVLI,6.	,Lid,6.,(beschermd subbrandcompartiment: omvang),https://wetten.overheid.nl/BWBR0041297/2024-08-01#Hoofdstuk4_Afdeling4.2_Paragraaf4.2.9_Artikel4.59_Lid6,C4_S4_2_P4_2_9_A4_59_SUB6,"Een beschermd subbrandcompartiment als bedoeld in het vijfde lid, bestemd voor bedgebonden patiënten, heeft, afhankelijk van het bewakingsniveau, een totale gebruiksoppervlakte van ten hoogste 50 m2 zonder bewaking en ten hoogste 500 m2 bij permanente bewaking.","A protected sub-fire compartment as referred to in the fifth sub-article, intended for bed-bound patients, has, depending on the surveillance level, a total area of use of at most 50 m2 without surveillance and at most 500 m2 in permanent monitoring."
2215,SUBLVLI,7.	,Lid,7.,(beschermd subbrandcompartiment: omvang),https://wetten.overheid.nl/BWBR0041297/2024-08-01#Hoofdstuk4_Afdeling4.2_Paragraaf4.2.9_Artikel4.59_Lid7,C4_S4_2_P4_2_9_A4_59_SUB7,Een logiesverblijf is een afzonderlijk beschermd subbrandcompartiment.,A accommodation accommodation is a separately protected sub-fire compartment.
2216,SUBLVLI,8.	,Lid,8.,(beschermd subbrandcompartiment: omvang),https://wetten.overheid.nl/BWBR0041297/2024-08-01#Hoofdstuk4_Afdeling4.2_Paragraaf4.2.9_Artikel4.59_Lid8,C4_S4_2_P4_2_9_A4_59_SUB8,Een afzonderlijk beschermd subbrandcompartiment is een afzonderlijk subbrandcompartiment.,A separately protected sub-fire compartment is a separate sub-fire compartment.
2218,SUBLVLI,1.	,Lid,1.,(weerstand tegen branddoorslag en brandoverslag),https://wetten.overheid.nl/BWBR0041297/2024-08-01#Hoofdstuk4_Afdeling4.2_Paragraaf4.2.9_Artikel4.60_Lid1,C4_S4_2_P4_2_9_A4_60_SUB1,De volgens NEN 6068 bepaalde weerstand tegen branddoorslag en brandoverslag van een beschermd subbrandcompartiment naar een andere ruimte in het brandcompartiment is ten minste 30 minuten.,"According to NEN 6068, resistance to fire penetration and fire spread from a protected sub-fire compartment to another room in the fire compartment is at least 30 minutes."
2219,SUBLVLI,2.	,Lid,2.,(weerstand tegen branddoorslag en brandoverslag),https://wetten.overheid.nl/BWBR0041297/2024-08-01#Hoofdstuk4_Afdeling4.2_Paragraaf4.2.9_Artikel4.60_Lid2,C4_S4_2_P4_2_9_A4_60_SUB2,"De volgens NEN 6068 bepaalde weerstand tegen branddoorslag van een subbrandcompartiment naar een beschermd subbrandcompartiment, gelegen in een ander subbrandcompartiment, is ten minste 20 minuten, waarbij voor de bepaling van de brandwerendheid vande scheidende functie van een scheidingsconstructie alleen rekening wordt gehouden met het beoordelingscriterium vlamdichtheid van de afdichting.","According to NEN 6068, the resistance to fire penetration from a sub-fire compartment to a protected sub-fire compartment, located in another sub-fire compartment, is at least 20 minutes, whereby the separating function of a separation structure is only taken into account for the assessment criterion of the sealing of the seal."
2221,SUBLVLI,1.	,Lid,1.,(subbrandcompartiment: weerstand tegen rookdoorgang),https://wetten.overheid.nl/BWBR0041297/2024-08-01#Hoofdstuk4_Afdeling4.2_Paragraaf4.2.9_Artikel4.61_Lid1,C4_S4_2_P4_2_9_A4_61_SUB1,De weerstand tegen rookdoorgang van een subbrandcompartiment naar een ander subbrandcompartiment is Ra bepaald volgens NEN 6075.,The resistance to smoking passage from a sub-fire compartment to another sub-fire compartment has been determined according to NEN 6075.
2222,SUBLVLI,2.	,Lid,2.,(subbrandcompartiment: weerstand tegen rookdoorgang),https://wetten.overheid.nl/BWBR0041297/2024-08-01#Hoofdstuk4_Afdeling4.2_Paragraaf4.2.9_Artikel4.61_Lid2,C4_S4_2_P4_2_9_A4_61_SUB2,"De weerstand tegen rookdoorgang van een subbrandcompartiment naar een besloten ruimte waardoor een beschermde vluchtroute voert, is Ra bepaald volgens NEN 6075.",The resistance to smoking passage from a sub-fire compartment to a closed space that leads to a protected escape route is determined according to NEN 6075.
2223,SUBLVLI,3.	,Lid,3.,(subbrandcompartiment: weerstand tegen rookdoorgang),https://wetten.overheid.nl/BWBR0041297/2024-08-01#Hoofdstuk4_Afdeling4.2_Paragraaf4.2.9_Artikel4.61_Lid3,C4_S4_2_P4_2_9_A4_61_SUB3,"De weerstand tegen rookdoorgang van een subbrandcompartiment naar een beschermd subbrandcompartiment, gelegen in een ander subbrandcompartiment, is R200 bepaald volgens NEN 6075.","The resistance to smoking passage from a sub-fire compartment to a protected sub-fire compartment, located in another sub-fire compartment, is R200 determined according to NEN 6075."
2224,SUBLVLI,4.	,Lid,4.,(subbrandcompartiment: weerstand tegen rookdoorgang),https://wetten.overheid.nl/BWBR0041297/2024-08-01#Hoofdstuk4_Afdeling4.2_Paragraaf4.2.9_Artikel4.61_Lid4,C4_S4_2_P4_2_9_A4_61_SUB4,"De weerstand tegen rookdoorgang van een subbrandcompartiment naar een besloten ruimte waardoor een extra beschermde vluchtroute voert en naar een liftschacht als bedoeld in artikel 4.53, eerste lid, is R200 bepaald volgens NEN 6075.","The resistance to smoking passage from a sub-fire compartment to a closed space that leads an extra protected escape route and to a lift shaft as referred to in article 4.53, first sub-article, R200 is determined according to NEN 6075."
2226,SUBLVLI,1.	,Lid,1.,(beschermd subbrandcompartiment: weerstand tegen rookdoorgang),https://wetten.overheid.nl/BWBR0041297/2024-08-01#Hoofdstuk4_Afdeling4.2_Paragraaf4.2.9_Artikel4.62_Lid1,C4_S4_2_P4_2_9_A4_62_SUB1,De weerstand tegen rookdoorgang van een beschermd subbrandcompartiment naar een ander beschermd subbrandcompartiment is R200 bepaald volgens NEN 6075.,The resistance to smoking passage from a protected sub-fire compartment to another protected sub-fire compartment is R200 determined according to NEN 6075.
2227,SUBLVLI,2.	,Lid,2.,(beschermd subbrandcompartiment: weerstand tegen rookdoorgang),https://wetten.overheid.nl/BWBR0041297/2024-08-01#Hoofdstuk4_Afdeling4.2_Paragraaf4.2.9_Artikel4.62_Lid2,C4_S4_2_P4_2_9_A4_62_SUB2,De weerstand tegen rookdoorgang van een beschermd subbrandcompartiment naar een subbrandcompartiment is R200 bepaald volgens NEN 6075.,The resistance to smoke passage from a protected sub-fire compartment to a sub-fire compartment is R200 determined according to NEN 6075.
2228,SUBLVLI,3.	,Lid,3.,(beschermd subbrandcompartiment: weerstand tegen rookdoorgang),https://wetten.overheid.nl/BWBR0041297/2024-08-01#Hoofdstuk4_Afdeling4.2_Paragraaf4.2.9_Artikel4.62_Lid3,C4_S4_2_P4_2_9_A4_62_SUB3,De weerstand tegen rookdoorgang van een beschermd subbrandcompartiment naar een subbrandcompartiment is Ra bepaald volgens NEN 6075.,The resistance to smoking passage from a protected sub-fire compartment to a sub-fire compartment is RA determined according to NEN 6075.
2229,SUBLVLI,4.	,Lid,4.,(beschermd subbrandcompartiment: weerstand tegen rookdoorgang),https://wetten.overheid.nl/BWBR0041297/2024-08-01#Hoofdstuk4_Afdeling4.2_Paragraaf4.2.9_Artikel4.62_Lid4,C4_S4_2_P4_2_9_A4_62_SUB4,"De weerstand tegen rookdoorgang van een beschermd subbrandcompartiment naar een besloten ruimte waardoor een beschermde of extra beschermde vluchtroute voert, is R200 bepaald volgens NEN 6075.","The resistance to smoking passage from a protected sub-fire compartment to a closed space, which leads a protected or extra protected escape route, R200 is determined according to NEN 6075."
2490,MAINLVL,Artikel 4.91. (brandwerendheid),Artikel,4.91,(brandwerendheid),https://wetten.overheid.nl/BWBR0041297/2024-08-01#Hoofdstuk4_Afdeling4.2_Paragraaf4.2.14_Artikel4.91,C4_S4_2_P4_2_14_A4_91,"Een uitwendige scheidingsconstructie van een brandcompartiment heeft voor zover die constructie in een brandvoorschriftengebied ligt een brandwerendheid van buiten naar binnen van ten minste 60 minuten, bepaald volgens NEN 6069. Bij het bepalen van de brandwerendheid wordt het in het brandvoorschriftengebied gelegen aansluitende terrein aangemerkt als een brandcompartiment en wordt uitgegaan van de in NEN-EN 13501-2 bedoelde buitenbrandkromme.","An external separation structure of a fire compartment has insofar as that construction lies in a fire regulations area from outside to the inside of at least 60 minutes, determined in accordance with NEN 6069. When determining the fire resistance, the area that contained in the fire regulations area is designated as a fire compartment and is explained from the in Nens-and-in-the in Nens-and-in."
2493,SUBLVLI,1.	,Lid,1.,(brandklasse buitenoppervlak),https://wetten.overheid.nl/BWBR0041297/2024-08-01#Hoofdstuk4_Afdeling4.2_Paragraaf4.2.14_Artikel4.92_Lid1,C4_S4_2_P4_2_14_A4_92_SUB1,"Een aan de buitenlucht grenzende zijde van een uitwendige scheidingsconstructie van een brandcompartiment voldoet, voor zover die constructie in een brandvoorschriftengebied ligt, aan brandklasse A2, bepaald volgens NEN-EN 13501-1.","A side compartment of a fire compartment adjacent to the outside air, insofar as that construction is in a fire regulations area, is determined by fire class A2, determined according to NEN-EN 13501-1."
2494,SUBLVLI,2.	,Lid,2.,(brandklasse buitenoppervlak),https://wetten.overheid.nl/BWBR0041297/2024-08-01#Hoofdstuk4_Afdeling4.2_Paragraaf4.2.14_Artikel4.92_Lid2,C4_S4_2_P4_2_14_A4_92_SUB2,"In afwijking van het eerste lid voldoet een deur, een raam, een kozijn of een daaraan gelijk te stellen constructieonderdeel aan brandklasse D, bepaald volgens NEN-EN 13501-1.","Contrary to the first sub-article, a door, a window, a frame or a structural component to be equated with that is a fire class D, determined according to NEN-EN 13501-1."
2495,SUBLVLI,3.	,Lid,3.,(brandklasse buitenoppervlak),https://wetten.overheid.nl/BWBR0041297/2024-08-01#Hoofdstuk4_Afdeling4.2_Paragraaf4.2.14_Artikel4.92_Lid3,C4_S4_2_P4_2_14_A4_92_SUB3,"Op ten hoogste 5% van de totale oppervlakte van de constructieonderdelen in elk vlak van de uitwendige scheidingsconstructie met een afmeting van 3 m bij 3 m, waarvoor volgens het eerste lid een eis geldt, is die eis niet van toepassing.","At most 5% of the total area of the construction components in each area of the external separation construction with a size of 3 m by 3 m, for which a requirement applies according to the first sub-article, that requirement does not apply."
2496,SUBLVLI,4.	,Lid,4.,(brandklasse buitenoppervlak),https://wetten.overheid.nl/BWBR0041297/2024-08-01#Hoofdstuk4_Afdeling4.2_Paragraaf4.2.14_Artikel4.92_Lid4,C4_S4_2_P4_2_14_A4_92_SUB4,Het eerste tot en met derde lid zijn niet van toepassing op de bovenzijde van een dak.,The first to third sub-article do not apply to the top of a roof.
2498,SUBLVLI,1.	,Lid,1.,(brandklasse dak),https://wetten.overheid.nl/BWBR0041297/2024-08-01#Hoofdstuk4_Afdeling4.2_Paragraaf4.2.14_Artikel4.93_Lid1,C4_S4_2_P4_2_14_A4_93_SUB1,"Een dak van een brandcompartiment is, voor zover dat dak in een brandvoorschriftengebied ligt, bedekt met constructieonderdelen waarvan de aan de buitenlucht grenzende zijde voldoet aan brandklasse A2, bepaald volgens NEN-EN 13501-1.","A roof of a fire compartment is, insofar as that roof is in a fire regulations area, covered with construction components whose fire-class A2 bordering on the outside air complies with fire-class A2, determined according to NEN-EN 13501-1."
2499,SUBLVLI,2.	,Lid,2.,(brandklasse dak),https://wetten.overheid.nl/BWBR0041297/2024-08-01#Hoofdstuk4_Afdeling4.2_Paragraaf4.2.14_Artikel4.93_Lid2,C4_S4_2_P4_2_14_A4_93_SUB2,Op ten hoogste 5% van de oppervlakte van het dak is de eis van het eerste lid niet van toepassing.,The requirement of the first sub-article does not apply to a maximum of 5% of the surface area of the roof.
